Agency,Month,Count,Fiscal Year,Source File Date,Source File
CBP,Oct,15031,FY25,2024-11-21,FY25_detentionStats11212024.xlsx
CBP,Nov,736,FY25,2024-11-21,FY25_detentionStats11212024.xlsx
CBP,Dec,0,FY25,2024-11-21,FY25_detentionStats11212024.xlsx
CBP,Jan,0,FY25,2024-11-21,FY25_detentionStats11212024.xlsx
CBP,Feb,0,FY25,2024-11-21,FY25_detentionStats11212024.xlsx
CBP,Mar,0,FY25,2024-11-21,FY25_detentionStats11212024.xlsx
CBP,Apr,0,FY25,2024-11-21,FY25_detentionStats11212024.xlsx
CBP,May,0,FY25,2024-11-21,FY25_detentionStats11212024.xlsx
CBP,Jun,0,FY25,2024-11-21,FY25_detentionStats11212024.xlsx
CBP,Jul,0,FY25,2024-11-21,FY25_detentionStats11212024.xlsx
CBP,Aug,0,FY25,2024-11-21,FY25_detentionStats11212024.xlsx
CBP,Sep,0,FY25,2024-11-21,FY25_detentionStats11212024.xlsx
ICE,Oct,8607,FY25,2024-11-21,FY25_detentionStats11212024.xlsx
ICE,Nov,426,FY25,2024-11-21,FY25_detentionStats11212024.xlsx
ICE,Dec,0,FY25,2024-11-21,FY25_detentionStats11212024.xlsx
ICE,Jan,0,FY25,2024-11-21,FY25_detentionStats11212024.xlsx
ICE,Feb,0,FY25,2024-11-21,FY25_detentionStats11212024.xlsx
ICE,Mar,0,FY25,2024-11-21,FY25_detentionStats11212024.xlsx
ICE,Apr,0,FY25,2024-11-21,FY25_detentionStats11212024.xlsx
ICE,May,0,FY25,2024-11-21,FY25_detentionStats11212024.xlsx
ICE,Jun,0,FY25,2024-11-21,FY25_detentionStats11212024.xlsx
ICE,Jul,0,FY25,2024-11-21,FY25_detentionStats11212024.xlsx
ICE,Aug,0,FY25,2024-11-21,FY25_detentionStats11212024.xlsx
ICE,Sep,0,FY25,2024-11-21,FY25_detentionStats11212024.xlsx
CBP,Oct,15010,FY25,2024-12-18,FY25_detentionStats12182024.xlsx
CBP,Nov,13572,FY25,2024-12-18,FY25_detentionStats12182024.xlsx
CBP,Dec,6410,FY25,2024-12-18,FY25_detentionStats12182024.xlsx
CBP,Jan,0,FY25,2024-12-18,FY25_detentionStats12182024.xlsx
CBP,Feb,0,FY25,2024-12-18,FY25_detentionStats12182024.xlsx
CBP,Mar,0,FY25,2024-12-18,FY25_detentionStats12182024.xlsx
CBP,Apr,0,FY25,2024-12-18,FY25_detentionStats12182024.xlsx
CBP,May,0,FY25,2024-12-18,FY25_detentionStats12182024.xlsx
CBP,Jun,0,FY25,2024-12-18,FY25_detentionStats12182024.xlsx
CBP,Jul,0,FY25,2024-12-18,FY25_detentionStats12182024.xlsx
CBP,Aug,0,FY25,2024-12-18,FY25_detentionStats12182024.xlsx
CBP,Sep,0,FY25,2024-12-18,FY25_detentionStats12182024.xlsx
ICE,Oct,8614,FY25,2024-12-18,FY25_detentionStats12182024.xlsx
ICE,Nov,7559,FY25,2024-12-18,FY25_detentionStats12182024.xlsx
ICE,Dec,3888,FY25,2024-12-18,FY25_detentionStats12182024.xlsx
ICE,Jan,0,FY25,2024-12-18,FY25_detentionStats12182024.xlsx
ICE,Feb,0,FY25,2024-12-18,FY25_detentionStats12182024.xlsx
ICE,Mar,0,FY25,2024-12-18,FY25_detentionStats12182024.xlsx
ICE,Apr,0,FY25,2024-12-18,FY25_detentionStats12182024.xlsx
ICE,May,0,FY25,2024-12-18,FY25_detentionStats12182024.xlsx
ICE,Jun,0,FY25,2024-12-18,FY25_detentionStats12182024.xlsx
ICE,Jul,0,FY25,2024-12-18,FY25_detentionStats12182024.xlsx
ICE,Aug,0,FY25,2024-12-18,FY25_detentionStats12182024.xlsx
ICE,Sep,0,FY25,2024-12-18,FY25_detentionStats12182024.xlsx
CBP,Oct,15859,FY23,2023-09-29,FY23_detentionStats09292023.xlsx
CBP,Nov,12595,FY23,2023-09-29,FY23_detentionStats09292023.xlsx
CBP,Dec,11627,FY23,2023-09-29,FY23_detentionStats09292023.xlsx
CBP,Jan,15496,FY23,2023-09-29,FY23_detentionStats09292023.xlsx
CBP,Feb,12734,FY23,2023-09-29,FY23_detentionStats09292023.xlsx
CBP,Mar,14169,FY23,2023-09-29,FY23_detentionStats09292023.xlsx
CBP,Apr,11860,FY23,2023-09-29,FY23_detentionStats09292023.xlsx
CBP,May,22656,FY23,2023-09-29,FY23_detentionStats09292023.xlsx
CBP,Jun,16290,FY23,2023-09-29,FY23_detentionStats09292023.xlsx
CBP,Jul,15109,FY23,2023-09-29,FY23_detentionStats09292023.xlsx
CBP,Aug,21944,FY23,2023-09-29,FY23_detentionStats09292023.xlsx
CBP,Sep,14051,FY23,2023-09-29,FY23_detentionStats09292023.xlsx
ICE,Oct,6553,FY23,2023-09-29,FY23_detentionStats09292023.xlsx
ICE,Nov,6473,FY23,2023-09-29,FY23_detentionStats09292023.xlsx
ICE,Dec,5983,FY23,2023-09-29,FY23_detentionStats09292023.xlsx
ICE,Jan,6501,FY23,2023-09-29,FY23_detentionStats09292023.xlsx
ICE,Feb,6997,FY23,2023-09-29,FY23_detentionStats09292023.xlsx
ICE,Mar,8031,FY23,2023-09-29,FY23_detentionStats09292023.xlsx
ICE,Apr,7077,FY23,2023-09-29,FY23_detentionStats09292023.xlsx
ICE,May,7854,FY23,2023-09-29,FY23_detentionStats09292023.xlsx
ICE,Jun,7751,FY23,2023-09-29,FY23_detentionStats09292023.xlsx
ICE,Jul,7693,FY23,2023-09-29,FY23_detentionStats09292023.xlsx
ICE,Aug,7139,FY23,2023-09-29,FY23_detentionStats09292023.xlsx
ICE,Sep,4793,FY23,2023-09-29,FY23_detentionStats09292023.xlsx
CBP,Oct,17277,FY24,2024-01-18,FY24_detentionStats01182024.xlsx
CBP,Nov,10921,FY24,2024-01-18,FY24_detentionStats01182024.xlsx
CBP,Dec,13447,FY24,2024-01-18,FY24_detentionStats01182024.xlsx
CBP,Jan,5671,FY24,2024-01-18,FY24_detentionStats01182024.xlsx
CBP,Feb,0,FY24,2024-01-18,FY24_detentionStats01182024.xlsx
CBP,Mar,0,FY24,2024-01-18,FY24_detentionStats01182024.xlsx
CBP,Apr,0,FY24,2024-01-18,FY24_detentionStats01182024.xlsx
CBP,May,0,FY24,2024-01-18,FY24_detentionStats01182024.xlsx
CBP,Jun,0,FY24,2024-01-18,FY24_detentionStats01182024.xlsx
CBP,Jul,0,FY24,2024-01-18,FY24_detentionStats01182024.xlsx
CBP,Aug,0,FY24,2024-01-18,FY24_detentionStats01182024.xlsx
CBP,Sep,0,FY24,2024-01-18,FY24_detentionStats01182024.xlsx
ICE,Oct,6830,FY24,2024-01-18,FY24_detentionStats01182024.xlsx
ICE,Nov,6770,FY24,2024-01-18,FY24_detentionStats01182024.xlsx
ICE,Dec,7646,FY24,2024-01-18,FY24_detentionStats01182024.xlsx
ICE,Jan,2666,FY24,2024-01-18,FY24_detentionStats01182024.xlsx
ICE,Feb,0,FY24,2024-01-18,FY24_detentionStats01182024.xlsx
ICE,Mar,0,FY24,2024-01-18,FY24_detentionStats01182024.xlsx
ICE,Apr,0,FY24,2024-01-18,FY24_detentionStats01182024.xlsx
ICE,May,0,FY24,2024-01-18,FY24_detentionStats01182024.xlsx
ICE,Jun,0,FY24,2024-01-18,FY24_detentionStats01182024.xlsx
ICE,Jul,0,FY24,2024-01-18,FY24_detentionStats01182024.xlsx
ICE,Aug,0,FY24,2024-01-18,FY24_detentionStats01182024.xlsx
ICE,Sep,0,FY24,2024-01-18,FY24_detentionStats01182024.xlsx
CBP,Oct,17278,FY24,2024-02-29,FY24_detentionStats02292024.xlsx
CBP,Nov,10921,FY24,2024-02-29,FY24_detentionStats02292024.xlsx
CBP,Dec,13428,FY24,2024-02-29,FY24_detentionStats02292024.xlsx
CBP,Jan,14025,FY24,2024-02-29,FY24_detentionStats02292024.xlsx
CBP,Feb,14218,FY24,2024-02-29,FY24_detentionStats02292024.xlsx
CBP,Mar,0,FY24,2024-02-29,FY24_detentionStats02292024.xlsx
CBP,Apr,0,FY24,2024-02-29,FY24_detentionStats02292024.xlsx
CBP,May,0,FY24,2024-02-29,FY24_detentionStats02292024.xlsx
CBP,Jun,0,FY24,2024-02-29,FY24_detentionStats02292024.xlsx
CBP,Jul,0,FY24,2024-02-29,FY24_detentionStats02292024.xlsx
CBP,Aug,0,FY24,2024-02-29,FY24_detentionStats02292024.xlsx
CBP,Sep,0,FY24,2024-02-29,FY24_detentionStats02292024.xlsx
ICE,Oct,6830,FY24,2024-02-29,FY24_detentionStats02292024.xlsx
ICE,Nov,6770,FY24,2024-02-29,FY24_detentionStats02292024.xlsx
ICE,Dec,7650,FY24,2024-02-29,FY24_detentionStats02292024.xlsx
ICE,Jan,6510,FY24,2024-02-29,FY24_detentionStats02292024.xlsx
ICE,Feb,6007,FY24,2024-02-29,FY24_detentionStats02292024.xlsx
ICE,Mar,0,FY24,2024-02-29,FY24_detentionStats02292024.xlsx
ICE,Apr,0,FY24,2024-02-29,FY24_detentionStats02292024.xlsx
ICE,May,0,FY24,2024-02-29,FY24_detentionStats02292024.xlsx
ICE,Jun,0,FY24,2024-02-29,FY24_detentionStats02292024.xlsx
ICE,Jul,0,FY24,2024-02-29,FY24_detentionStats02292024.xlsx
ICE,Aug,0,FY24,2024-02-29,FY24_detentionStats02292024.xlsx
ICE,Sep,0,FY24,2024-02-29,FY24_detentionStats02292024.xlsx
CBP,Oct,17276,FY24,2024-03-29,FY24_detentionStats03292024.xlsx
CBP,Nov,10921,FY24,2024-03-29,FY24_detentionStats03292024.xlsx
CBP,Dec,13348,FY24,2024-03-29,FY24_detentionStats03292024.xlsx
CBP,Jan,14000,FY24,2024-03-29,FY24_detentionStats03292024.xlsx
CBP,Feb,17050,FY24,2024-03-29,FY24_detentionStats03292024.xlsx
CBP,Mar,11704,FY24,2024-03-29,FY24_detentionStats03292024.xlsx
CBP,Apr,0,FY24,2024-03-29,FY24_detentionStats03292024.xlsx
CBP,May,0,FY24,2024-03-29,FY24_detentionStats03292024.xlsx
CBP,Jun,0,FY24,2024-03-29,FY24_detentionStats03292024.xlsx
CBP,Jul,0,FY24,2024-03-29,FY24_detentionStats03292024.xlsx
CBP,Aug,0,FY24,2024-03-29,FY24_detentionStats03292024.xlsx
CBP,Sep,0,FY24,2024-03-29,FY24_detentionStats03292024.xlsx
ICE,Oct,6837,FY24,2024-03-29,FY24_detentionStats03292024.xlsx
ICE,Nov,6770,FY24,2024-03-29,FY24_detentionStats03292024.xlsx
ICE,Dec,7736,FY24,2024-03-29,FY24_detentionStats03292024.xlsx
ICE,Jan,6536,FY24,2024-03-29,FY24_detentionStats03292024.xlsx
ICE,Feb,7387,FY24,2024-03-29,FY24_detentionStats03292024.xlsx
ICE,Mar,5838,FY24,2024-03-29,FY24_detentionStats03292024.xlsx
ICE,Apr,0,FY24,2024-03-29,FY24_detentionStats03292024.xlsx
ICE,May,0,FY24,2024-03-29,FY24_detentionStats03292024.xlsx
ICE,Jun,0,FY24,2024-03-29,FY24_detentionStats03292024.xlsx
ICE,Jul,0,FY24,2024-03-29,FY24_detentionStats03292024.xlsx
ICE,Aug,0,FY24,2024-03-29,FY24_detentionStats03292024.xlsx
ICE,Sep,0,FY24,2024-03-29,FY24_detentionStats03292024.xlsx
CBP,Oct,17275,FY24,2024-04-25,FY24_detentionStats04252024.xlsx
CBP,Nov,10921,FY24,2024-04-25,FY24_detentionStats04252024.xlsx
CBP,Dec,13349,FY24,2024-04-25,FY24_detentionStats04252024.xlsx
CBP,Jan,13999,FY24,2024-04-25,FY24_detentionStats04252024.xlsx
CBP,Feb,17047,FY24,2024-04-25,FY24_detentionStats04252024.xlsx
CBP,Mar,14557,FY24,2024-04-25,FY24_detentionStats04252024.xlsx
CBP,Apr,9712,FY24,2024-04-25,FY24_detentionStats04252024.xlsx
CBP,May,0,FY24,2024-04-25,FY24_detentionStats04252024.xlsx
CBP,Jun,0,FY24,2024-04-25,FY24_detentionStats04252024.xlsx
CBP,Jul,0,FY24,2024-04-25,FY24_detentionStats04252024.xlsx
CBP,Aug,0,FY24,2024-04-25,FY24_detentionStats04252024.xlsx
CBP,Sep,0,FY24,2024-04-25,FY24_detentionStats04252024.xlsx
ICE,Oct,6839,FY24,2024-04-25,FY24_detentionStats04252024.xlsx
ICE,Nov,6770,FY24,2024-04-25,FY24_detentionStats04252024.xlsx
ICE,Dec,7735,FY24,2024-04-25,FY24_detentionStats04252024.xlsx
ICE,Jan,6536,FY24,2024-04-25,FY24_detentionStats04252024.xlsx
ICE,Feb,7387,FY24,2024-04-25,FY24_detentionStats04252024.xlsx
ICE,Mar,7544,FY24,2024-04-25,FY24_detentionStats04252024.xlsx
ICE,Apr,5598,FY24,2024-04-25,FY24_detentionStats04252024.xlsx
ICE,May,0,FY24,2024-04-25,FY24_detentionStats04252024.xlsx
ICE,Jun,0,FY24,2024-04-25,FY24_detentionStats04252024.xlsx
ICE,Jul,0,FY24,2024-04-25,FY24_detentionStats04252024.xlsx
ICE,Aug,0,FY24,2024-04-25,FY24_detentionStats04252024.xlsx
ICE,Sep,0,FY24,2024-04-25,FY24_detentionStats04252024.xlsx
CBP,Oct,17273,FY24,2024-05-24,FY24_detentionStats05242024.xlsx
CBP,Nov,10921,FY24,2024-05-24,FY24_detentionStats05242024.xlsx
CBP,Dec,13349,FY24,2024-05-24,FY24_detentionStats05242024.xlsx
CBP,Jan,13998,FY24,2024-05-24,FY24_detentionStats05242024.xlsx
CBP,Feb,17047,FY24,2024-05-24,FY24_detentionStats05242024.xlsx
CBP,Mar,14555,FY24,2024-05-24,FY24_detentionStats05242024.xlsx
CBP,Apr,15534,FY24,2024-05-24,FY24_detentionStats05242024.xlsx
CBP,May,11249,FY24,2024-05-24,FY24_detentionStats05242024.xlsx
CBP,Jun,0,FY24,2024-05-24,FY24_detentionStats05242024.xlsx
CBP,Jul,0,FY24,2024-05-24,FY24_detentionStats05242024.xlsx
CBP,Aug,0,FY24,2024-05-24,FY24_detentionStats05242024.xlsx
CBP,Sep,0,FY24,2024-05-24,FY24_detentionStats05242024.xlsx
ICE,Oct,6841,FY24,2024-05-24,FY24_detentionStats05242024.xlsx
ICE,Nov,6770,FY24,2024-05-24,FY24_detentionStats05242024.xlsx
ICE,Dec,7735,FY24,2024-05-24,FY24_detentionStats05242024.xlsx
ICE,Jan,6537,FY24,2024-05-24,FY24_detentionStats05242024.xlsx
ICE,Feb,7387,FY24,2024-05-24,FY24_detentionStats05242024.xlsx
ICE,Mar,7547,FY24,2024-05-24,FY24_detentionStats05242024.xlsx
ICE,Apr,8440,FY24,2024-05-24,FY24_detentionStats05242024.xlsx
ICE,May,4972,FY24,2024-05-24,FY24_detentionStats05242024.xlsx
ICE,Jun,0,FY24,2024-05-24,FY24_detentionStats05242024.xlsx
ICE,Jul,0,FY24,2024-05-24,FY24_detentionStats05242024.xlsx
ICE,Aug,0,FY24,2024-05-24,FY24_detentionStats05242024.xlsx
ICE,Sep,0,FY24,2024-05-24,FY24_detentionStats05242024.xlsx
CBP,Oct,17273,FY24,2024-06-20,FY24_detentionStats06202024.xlsx
CBP,Nov,10921,FY24,2024-06-20,FY24_detentionStats06202024.xlsx
CBP,Dec,13349,FY24,2024-06-20,FY24_detentionStats06202024.xlsx
CBP,Jan,13997,FY24,2024-06-20,FY24_detentionStats06202024.xlsx
CBP,Feb,17047,FY24,2024-06-20,FY24_detentionStats06202024.xlsx
CBP,Mar,14555,FY24,2024-06-20,FY24_detentionStats06202024.xlsx
CBP,Apr,15532,FY24,2024-06-20,FY24_detentionStats06202024.xlsx
CBP,May,20061,FY24,2024-06-20,FY24_detentionStats06202024.xlsx
CBP,Jun,8879,FY24,2024-06-20,FY24_detentionStats06202024.xlsx
CBP,Jul,0,FY24,2024-06-20,FY24_detentionStats06202024.xlsx
CBP,Aug,0,FY24,2024-06-20,FY24_detentionStats06202024.xlsx
CBP,Sep,0,FY24,2024-06-20,FY24_detentionStats06202024.xlsx
ICE,Oct,6840,FY24,2024-06-20,FY24_detentionStats06202024.xlsx
ICE,Nov,6770,FY24,2024-06-20,FY24_detentionStats06202024.xlsx
ICE,Dec,7736,FY24,2024-06-20,FY24_detentionStats06202024.xlsx
ICE,Jan,6538,FY24,2024-06-20,FY24_detentionStats06202024.xlsx
ICE,Feb,7386,FY24,2024-06-20,FY24_detentionStats06202024.xlsx
ICE,Mar,7548,FY24,2024-06-20,FY24_detentionStats06202024.xlsx
ICE,Apr,8440,FY24,2024-06-20,FY24_detentionStats06202024.xlsx
ICE,May,8452,FY24,2024-06-20,FY24_detentionStats06202024.xlsx
ICE,Jun,3818,FY24,2024-06-20,FY24_detentionStats06202024.xlsx
ICE,Jul,0,FY24,2024-06-20,FY24_detentionStats06202024.xlsx
ICE,Aug,0,FY24,2024-06-20,FY24_detentionStats06202024.xlsx
ICE,Sep,0,FY24,2024-06-20,FY24_detentionStats06202024.xlsx
CBP,Oct,17271,FY24,2024-07-18,FY24_detentionStats07182024.xlsx
CBP,Nov,10921,FY24,2024-07-18,FY24_detentionStats07182024.xlsx
CBP,Dec,13349,FY24,2024-07-18,FY24_detentionStats07182024.xlsx
CBP,Jan,13997,FY24,2024-07-18,FY24_detentionStats07182024.xlsx
CBP,Feb,17046,FY24,2024-07-18,FY24_detentionStats07182024.xlsx
CBP,Mar,14555,FY24,2024-07-18,FY24_detentionStats07182024.xlsx
CBP,Apr,15533,FY24,2024-07-18,FY24_detentionStats07182024.xlsx
CBP,May,20126,FY24,2024-07-18,FY24_detentionStats07182024.xlsx
CBP,Jun,17625,FY24,2024-07-18,FY24_detentionStats07182024.xlsx
CBP,Jul,5771,FY24,2024-07-18,FY24_detentionStats07182024.xlsx
CBP,Aug,0,FY24,2024-07-18,FY24_detentionStats07182024.xlsx
CBP,Sep,0,FY24,2024-07-18,FY24_detentionStats07182024.xlsx
ICE,Oct,6841,FY24,2024-07-18,FY24_detentionStats07182024.xlsx
ICE,Nov,6770,FY24,2024-07-18,FY24_detentionStats07182024.xlsx
ICE,Dec,7736,FY24,2024-07-18,FY24_detentionStats07182024.xlsx
ICE,Jan,6538,FY24,2024-07-18,FY24_detentionStats07182024.xlsx
ICE,Feb,7387,FY24,2024-07-18,FY24_detentionStats07182024.xlsx
ICE,Mar,7547,FY24,2024-07-18,FY24_detentionStats07182024.xlsx
ICE,Apr,8443,FY24,2024-07-18,FY24_detentionStats07182024.xlsx
ICE,May,8449,FY24,2024-07-18,FY24_detentionStats07182024.xlsx
ICE,Jun,7360,FY24,2024-07-18,FY24_detentionStats07182024.xlsx
ICE,Jul,3358,FY24,2024-07-18,FY24_detentionStats07182024.xlsx
ICE,Aug,0,FY24,2024-07-18,FY24_detentionStats07182024.xlsx
ICE,Sep,0,FY24,2024-07-18,FY24_detentionStats07182024.xlsx
CBP,Oct,17271,FY24,2024-08-29,FY24_detentionStats08292024.xlsx
CBP,Nov,10921,FY24,2024-08-29,FY24_detentionStats08292024.xlsx
CBP,Dec,13348,FY24,2024-08-29,FY24_detentionStats08292024.xlsx
CBP,Jan,13997,FY24,2024-08-29,FY24_detentionStats08292024.xlsx
CBP,Feb,17046,FY24,2024-08-29,FY24_detentionStats08292024.xlsx
CBP,Mar,14554,FY24,2024-08-29,FY24_detentionStats08292024.xlsx
CBP,Apr,15531,FY24,2024-08-29,FY24_detentionStats08292024.xlsx
CBP,May,20123,FY24,2024-08-29,FY24_detentionStats08292024.xlsx
CBP,Jun,17677,FY24,2024-08-29,FY24_detentionStats08292024.xlsx
CBP,Jul,15627,FY24,2024-08-29,FY24_detentionStats08292024.xlsx
CBP,Aug,12588,FY24,2024-08-29,FY24_detentionStats08292024.xlsx
CBP,Sep,0,FY24,2024-08-29,FY24_detentionStats08292024.xlsx
ICE,Oct,6841,FY24,2024-08-29,FY24_detentionStats08292024.xlsx
ICE,Nov,6770,FY24,2024-08-29,FY24_detentionStats08292024.xlsx
ICE,Dec,7736,FY24,2024-08-29,FY24_detentionStats08292024.xlsx
ICE,Jan,6538,FY24,2024-08-29,FY24_detentionStats08292024.xlsx
ICE,Feb,7386,FY24,2024-08-29,FY24_detentionStats08292024.xlsx
ICE,Mar,7548,FY24,2024-08-29,FY24_detentionStats08292024.xlsx
ICE,Apr,8442,FY24,2024-08-29,FY24_detentionStats08292024.xlsx
ICE,May,8451,FY24,2024-08-29,FY24_detentionStats08292024.xlsx
ICE,Jun,7358,FY24,2024-08-29,FY24_detentionStats08292024.xlsx
ICE,Jul,8009,FY24,2024-08-29,FY24_detentionStats08292024.xlsx
ICE,Aug,6236,FY24,2024-08-29,FY24_detentionStats08292024.xlsx
ICE,Sep,0,FY24,2024-08-29,FY24_detentionStats08292024.xlsx
CBP,Oct,17271,FY24,2024-09-17,FY24_detentionStats09172024.xlsx
CBP,Nov,10921,FY24,2024-09-17,FY24_detentionStats09172024.xlsx
CBP,Dec,13348,FY24,2024-09-17,FY24_detentionStats09172024.xlsx
CBP,Jan,13997,FY24,2024-09-17,FY24_detentionStats09172024.xlsx
CBP,Feb,17045,FY24,2024-09-17,FY24_detentionStats09172024.xlsx
CBP,Mar,14553,FY24,2024-09-17,FY24_detentionStats09172024.xlsx
CBP,Apr,15531,FY24,2024-09-17,FY24_detentionStats09172024.xlsx
CBP,May,20123,FY24,2024-09-17,FY24_detentionStats09172024.xlsx
CBP,Jun,17677,FY24,2024-09-17,FY24_detentionStats09172024.xlsx
CBP,Jul,15625,FY24,2024-09-17,FY24_detentionStats09172024.xlsx
CBP,Aug,16508,FY24,2024-09-17,FY24_detentionStats09172024.xlsx
CBP,Sep,3632,FY24,2024-09-17,FY24_detentionStats09172024.xlsx
ICE,Oct,6841,FY24,2024-09-17,FY24_detentionStats09172024.xlsx
ICE,Nov,6770,FY24,2024-09-17,FY24_detentionStats09172024.xlsx
ICE,Dec,7736,FY24,2024-09-17,FY24_detentionStats09172024.xlsx
ICE,Jan,6538,FY24,2024-09-17,FY24_detentionStats09172024.xlsx
ICE,Feb,7387,FY24,2024-09-17,FY24_detentionStats09172024.xlsx
ICE,Mar,7548,FY24,2024-09-17,FY24_detentionStats09172024.xlsx
ICE,Apr,8442,FY24,2024-09-17,FY24_detentionStats09172024.xlsx
ICE,May,8451,FY24,2024-09-17,FY24_detentionStats09172024.xlsx
ICE,Jun,7358,FY24,2024-09-17,FY24_detentionStats09172024.xlsx
ICE,Jul,8008,FY24,2024-09-17,FY24_detentionStats09172024.xlsx
ICE,Aug,8188,FY24,2024-09-17,FY24_detentionStats09172024.xlsx
ICE,Sep,1634,FY24,2024-09-17,FY24_detentionStats09172024.xlsx
CBP,Oct,17295,FY24,2023-11-22,FY24_detentionStats11222023.xlsx
CBP,Nov,7640,FY24,2023-11-22,FY24_detentionStats11222023.xlsx
CBP,Dec,0,FY24,2023-11-22,FY24_detentionStats11222023.xlsx
CBP,Jan,0,FY24,2023-11-22,FY24_detentionStats11222023.xlsx
CBP,Feb,0,FY24,2023-11-22,FY24_detentionStats11222023.xlsx
CBP,Mar,0,FY24,2023-11-22,FY24_detentionStats11222023.xlsx
CBP,Apr,0,FY24,2023-11-22,FY24_detentionStats11222023.xlsx
CBP,May,0,FY24,2023-11-22,FY24_detentionStats11222023.xlsx
CBP,Jun,0,FY24,2023-11-22,FY24_detentionStats11222023.xlsx
CBP,Jul,0,FY24,2023-11-22,FY24_detentionStats11222023.xlsx
CBP,Aug,0,FY24,2023-11-22,FY24_detentionStats11222023.xlsx
CBP,Sep,0,FY24,2023-11-22,FY24_detentionStats11222023.xlsx
ICE,Oct,6803,FY24,2023-11-22,FY24_detentionStats11222023.xlsx
ICE,Nov,4339,FY24,2023-11-22,FY24_detentionStats11222023.xlsx
ICE,Dec,0,FY24,2023-11-22,FY24_detentionStats11222023.xlsx
ICE,Jan,0,FY24,2023-11-22,FY24_detentionStats11222023.xlsx
ICE,Feb,0,FY24,2023-11-22,FY24_detentionStats11222023.xlsx
ICE,Mar,0,FY24,2023-11-22,FY24_detentionStats11222023.xlsx
ICE,Apr,0,FY24,2023-11-22,FY24_detentionStats11222023.xlsx
ICE,May,0,FY24,2023-11-22,FY24_detentionStats11222023.xlsx
ICE,Jun,0,FY24,2023-11-22,FY24_detentionStats11222023.xlsx
ICE,Jul,0,FY24,2023-11-22,FY24_detentionStats11222023.xlsx
ICE,Aug,0,FY24,2023-11-22,FY24_detentionStats11222023.xlsx
ICE,Sep,0,FY24,2023-11-22,FY24_detentionStats11222023.xlsx
CBP,Oct,17285,FY24,2023-12-20,FY24_detentionStats12202023.xlsx
CBP,Nov,10913,FY24,2023-12-20,FY24_detentionStats12202023.xlsx
CBP,Dec,7608,FY24,2023-12-20,FY24_detentionStats12202023.xlsx
CBP,Jan,0,FY24,2023-12-20,FY24_detentionStats12202023.xlsx
CBP,Feb,0,FY24,2023-12-20,FY24_detentionStats12202023.xlsx
CBP,Mar,0,FY24,2023-12-20,FY24_detentionStats12202023.xlsx
CBP,Apr,0,FY24,2023-12-20,FY24_detentionStats12202023.xlsx
CBP,May,0,FY24,2023-12-20,FY24_detentionStats12202023.xlsx
CBP,Jun,0,FY24,2023-12-20,FY24_detentionStats12202023.xlsx
CBP,Jul,0,FY24,2023-12-20,FY24_detentionStats12202023.xlsx
CBP,Aug,0,FY24,2023-12-20,FY24_detentionStats12202023.xlsx
CBP,Sep,0,FY24,2023-12-20,FY24_detentionStats12202023.xlsx
ICE,Oct,6827,FY24,2023-12-20,FY24_detentionStats12202023.xlsx
ICE,Nov,6755,FY24,2023-12-20,FY24_detentionStats12202023.xlsx
ICE,Dec,3895,FY24,2023-12-20,FY24_detentionStats12202023.xlsx
ICE,Jan,0,FY24,2023-12-20,FY24_detentionStats12202023.xlsx
ICE,Feb,0,FY24,2023-12-20,FY24_detentionStats12202023.xlsx
ICE,Mar,0,FY24,2023-12-20,FY24_detentionStats12202023.xlsx
ICE,Apr,0,FY24,2023-12-20,FY24_detentionStats12202023.xlsx
ICE,May,0,FY24,2023-12-20,FY24_detentionStats12202023.xlsx
ICE,Jun,0,FY24,2023-12-20,FY24_detentionStats12202023.xlsx
ICE,Jul,0,FY24,2023-12-20,FY24_detentionStats12202023.xlsx
ICE,Aug,0,FY24,2023-12-20,FY24_detentionStats12202023.xlsx
ICE,Sep,0,FY24,2023-12-20,FY24_detentionStats12202023.xlsx
CBP,Oct,15007,FY25,2025-01-16,FY25_detentionStats01162025.xlsx
CBP,Nov,13569,FY25,2025-01-16,FY25_detentionStats01162025.xlsx
CBP,Dec,14255,FY25,2025-01-16,FY25_detentionStats01162025.xlsx
CBP,Jan,4011,FY25,2025-01-16,FY25_detentionStats01162025.xlsx
CBP,Feb,0,FY25,2025-01-16,FY25_detentionStats01162025.xlsx
CBP,Mar,0,FY25,2025-01-16,FY25_detentionStats01162025.xlsx
CBP,Apr,0,FY25,2025-01-16,FY25_detentionStats01162025.xlsx
CBP,May,0,FY25,2025-01-16,FY25_detentionStats01162025.xlsx
CBP,Jun,0,FY25,2025-01-16,FY25_detentionStats01162025.xlsx
CBP,Jul,0,FY25,2025-01-16,FY25_detentionStats01162025.xlsx
CBP,Aug,0,FY25,2025-01-16,FY25_detentionStats01162025.xlsx
CBP,Sep,0,FY25,2025-01-16,FY25_detentionStats01162025.xlsx
ICE,Oct,8615,FY25,2025-01-16,FY25_detentionStats01162025.xlsx
ICE,Nov,7558,FY25,2025-01-16,FY25_detentionStats01162025.xlsx
ICE,Dec,7884,FY25,2025-01-16,FY25_detentionStats01162025.xlsx
ICE,Jan,2363,FY25,2025-01-16,FY25_detentionStats01162025.xlsx
ICE,Feb,0,FY25,2025-01-16,FY25_detentionStats01162025.xlsx
ICE,Mar,0,FY25,2025-01-16,FY25_detentionStats01162025.xlsx
ICE,Apr,0,FY25,2025-01-16,FY25_detentionStats01162025.xlsx
ICE,May,0,FY25,2025-01-16,FY25_detentionStats01162025.xlsx
ICE,Jun,0,FY25,2025-01-16,FY25_detentionStats01162025.xlsx
ICE,Jul,0,FY25,2025-01-16,FY25_detentionStats01162025.xlsx
ICE,Aug,0,FY25,2025-01-16,FY25_detentionStats01162025.xlsx
ICE,Sep,0,FY25,2025-01-16,FY25_detentionStats01162025.xlsx
CBP,Oct,15006,FY25,2025-02-27,FY25_detentionStats02272025.xlsx
CBP,Nov,13545,FY25,2025-02-27,FY25_detentionStats02272025.xlsx
CBP,Dec,14240,FY25,2025-02-27,FY25_detentionStats02272025.xlsx
CBP,Jan,10198,FY25,2025-02-27,FY25_detentionStats02272025.xlsx
CBP,Feb,3338,FY25,2025-02-27,FY25_detentionStats02272025.xlsx
CBP,Mar,0,FY25,2025-02-27,FY25_detentionStats02272025.xlsx
CBP,Apr,0,FY25,2025-02-27,FY25_detentionStats02272025.xlsx
CBP,May,0,FY25,2025-02-27,FY25_detentionStats02272025.xlsx
CBP,Jun,0,FY25,2025-02-27,FY25_detentionStats02272025.xlsx
CBP,Jul,0,FY25,2025-02-27,FY25_detentionStats02272025.xlsx
CBP,Aug,0,FY25,2025-02-27,FY25_detentionStats02272025.xlsx
CBP,Sep,0,FY25,2025-02-27,FY25_detentionStats02272025.xlsx
ICE,Oct,8612,FY25,2025-02-27,FY25_detentionStats02272025.xlsx
ICE,Nov,7579,FY25,2025-02-27,FY25_detentionStats02272025.xlsx
ICE,Dec,7883,FY25,2025-02-27,FY25_detentionStats02272025.xlsx
ICE,Jan,11755,FY25,2025-02-27,FY25_detentionStats02272025.xlsx
ICE,Feb,12819,FY25,2025-02-27,FY25_detentionStats02272025.xlsx
ICE,Mar,0,FY25,2025-02-27,FY25_detentionStats02272025.xlsx
ICE,Apr,0,FY25,2025-02-27,FY25_detentionStats02272025.xlsx
ICE,May,0,FY25,2025-02-27,FY25_detentionStats02272025.xlsx
ICE,Jun,0,FY25,2025-02-27,FY25_detentionStats02272025.xlsx
ICE,Jul,0,FY25,2025-02-27,FY25_detentionStats02272025.xlsx
ICE,Aug,0,FY25,2025-02-27,FY25_detentionStats02272025.xlsx
ICE,Sep,0,FY25,2025-02-27,FY25_detentionStats02272025.xlsx
CBP,Oct,15006,FY25,2025-03-26,FY25_detentionStats03262025.xlsx
CBP,Nov,13546,FY25,2025-03-26,FY25_detentionStats03262025.xlsx
CBP,Dec,14240,FY25,2025-03-26,FY25_detentionStats03262025.xlsx
CBP,Jan,10240,FY25,2025-03-26,FY25_detentionStats03262025.xlsx
CBP,Feb,4253,FY25,2025-03-26,FY25_detentionStats03262025.xlsx
CBP,Mar,2760,FY25,2025-03-26,FY25_detentionStats03262025.xlsx
CBP,Apr,0,FY25,2025-03-26,FY25_detentionStats03262025.xlsx
CBP,May,0,FY25,2025-03-26,FY25_detentionStats03262025.xlsx
CBP,Jun,0,FY25,2025-03-26,FY25_detentionStats03262025.xlsx
CBP,Jul,0,FY25,2025-03-26,FY25_detentionStats03262025.xlsx
CBP,Aug,0,FY25,2025-03-26,FY25_detentionStats03262025.xlsx
CBP,Sep,0,FY25,2025-03-26,FY25_detentionStats03262025.xlsx
ICE,Oct,8611,FY25,2025-03-26,FY25_detentionStats03262025.xlsx
ICE,Nov,7580,FY25,2025-03-26,FY25_detentionStats03262025.xlsx
ICE,Dec,7882,FY25,2025-03-26,FY25_detentionStats03262025.xlsx
ICE,Jan,11752,FY25,2025-03-26,FY25_detentionStats03262025.xlsx
ICE,Feb,17377,FY25,2025-03-26,FY25_detentionStats03262025.xlsx
ICE,Mar,13795,FY25,2025-03-26,FY25_detentionStats03262025.xlsx
ICE,Apr,0,FY25,2025-03-26,FY25_detentionStats03262025.xlsx
ICE,May,0,FY25,2025-03-26,FY25_detentionStats03262025.xlsx
ICE,Jun,0,FY25,2025-03-26,FY25_detentionStats03262025.xlsx
ICE,Jul,0,FY25,2025-03-26,FY25_detentionStats03262025.xlsx
ICE,Aug,0,FY25,2025-03-26,FY25_detentionStats03262025.xlsx
ICE,Sep,0,FY25,2025-03-26,FY25_detentionStats03262025.xlsx
CBP,Oct,15006,FY25,2025-04-16,FY25_detentionStats04162025.xlsx
CBP,Nov,13546,FY25,2025-04-16,FY25_detentionStats04162025.xlsx
CBP,Dec,14241,FY25,2025-04-16,FY25_detentionStats04162025.xlsx
CBP,Jan,10240,FY25,2025-04-16,FY25_detentionStats04162025.xlsx
CBP,Feb,4253,FY25,2025-04-16,FY25_detentionStats04162025.xlsx
CBP,Mar,3805,FY25,2025-04-16,FY25_detentionStats04162025.xlsx
CBP,Apr,792,FY25,2025-04-16,FY25_detentionStats04162025.xlsx
CBP,May,0,FY25,2025-04-16,FY25_detentionStats04162025.xlsx
CBP,Jun,0,FY25,2025-04-16,FY25_detentionStats04162025.xlsx
CBP,Jul,0,FY25,2025-04-16,FY25_detentionStats04162025.xlsx
CBP,Aug,0,FY25,2025-04-16,FY25_detentionStats04162025.xlsx
CBP,Sep,0,FY25,2025-04-16,FY25_detentionStats04162025.xlsx
ICE,Oct,8611,FY25,2025-04-16,FY25_detentionStats04162025.xlsx
ICE,Nov,7580,FY25,2025-04-16,FY25_detentionStats04162025.xlsx
ICE,Dec,7882,FY25,2025-04-16,FY25_detentionStats04162025.xlsx
ICE,Jan,11755,FY25,2025-04-16,FY25_detentionStats04162025.xlsx
ICE,Feb,17377,FY25,2025-04-16,FY25_detentionStats04162025.xlsx
ICE,Mar,19122,FY25,2025-04-16,FY25_detentionStats04162025.xlsx
ICE,Apr,3266,FY25,2025-04-16,FY25_detentionStats04162025.xlsx
ICE,May,0,FY25,2025-04-16,FY25_detentionStats04162025.xlsx
ICE,Jun,0,FY25,2025-04-16,FY25_detentionStats04162025.xlsx
ICE,Jul,0,FY25,2025-04-16,FY25_detentionStats04162025.xlsx
ICE,Aug,0,FY25,2025-04-16,FY25_detentionStats04162025.xlsx
ICE,Sep,0,FY25,2025-04-16,FY25_detentionStats04162025.xlsx
CBP,Oct,15006,FY25,2025-05-23,FY25_detentionStats05232025.xlsx
CBP,Nov,13549,FY25,2025-05-23,FY25_detentionStats05232025.xlsx
CBP,Dec,14241,FY25,2025-05-23,FY25_detentionStats05232025.xlsx
CBP,Jan,10241,FY25,2025-05-23,FY25_detentionStats05232025.xlsx
CBP,Feb,4253,FY25,2025-05-23,FY25_detentionStats05232025.xlsx
CBP,Mar,3801,FY25,2025-05-23,FY25_detentionStats05232025.xlsx
CBP,Apr,4605,FY25,2025-05-23,FY25_detentionStats05232025.xlsx
CBP,May,2415,FY25,2025-05-23,FY25_detentionStats05232025.xlsx
CBP,Jun,0,FY25,2025-05-23,FY25_detentionStats05232025.xlsx
CBP,Jul,0,FY25,2025-05-23,FY25_detentionStats05232025.xlsx
CBP,Aug,0,FY25,2025-05-23,FY25_detentionStats05232025.xlsx
CBP,Sep,0,FY25,2025-05-23,FY25_detentionStats05232025.xlsx
ICE,Oct,8610,FY25,2025-05-23,FY25_detentionStats05232025.xlsx
ICE,Nov,7580,FY25,2025-05-23,FY25_detentionStats05232025.xlsx
ICE,Dec,7881,FY25,2025-05-23,FY25_detentionStats05232025.xlsx
ICE,Jan,11754,FY25,2025-05-23,FY25_detentionStats05232025.xlsx
ICE,Feb,17377,FY25,2025-05-23,FY25_detentionStats05232025.xlsx
ICE,Mar,19125,FY25,2025-05-23,FY25_detentionStats05232025.xlsx
ICE,Apr,18217,FY25,2025-05-23,FY25_detentionStats05232025.xlsx
ICE,May,11367,FY25,2025-05-23,FY25_detentionStats05232025.xlsx
ICE,Jun,0,FY25,2025-05-23,FY25_detentionStats05232025.xlsx
ICE,Jul,0,FY25,2025-05-23,FY25_detentionStats05232025.xlsx
ICE,Aug,0,FY25,2025-05-23,FY25_detentionStats05232025.xlsx
ICE,Sep,0,FY25,2025-05-23,FY25_detentionStats05232025.xlsx
CBP,Oct,15006,FY25,2025-06-20,FY25_detentionStats06202025.xlsx
CBP,Nov,13549,FY25,2025-06-20,FY25_detentionStats06202025.xlsx
CBP,Dec,14240,FY25,2025-06-20,FY25_detentionStats06202025.xlsx
CBP,Jan,10239,FY25,2025-06-20,FY25_detentionStats06202025.xlsx
CBP,Feb,4253,FY25,2025-06-20,FY25_detentionStats06202025.xlsx
CBP,Mar,3798,FY25,2025-06-20,FY25_detentionStats06202025.xlsx
CBP,Apr,4604,FY25,2025-06-20,FY25_detentionStats06202025.xlsx
CBP,May,5234,FY25,2025-06-20,FY25_detentionStats06202025.xlsx
CBP,Jun,2560,FY25,2025-06-20,FY25_detentionStats06202025.xlsx
CBP,Jul,0,FY25,2025-06-20,FY25_detentionStats06202025.xlsx
CBP,Aug,0,FY25,2025-06-20,FY25_detentionStats06202025.xlsx
CBP,Sep,0,FY25,2025-06-20,FY25_detentionStats06202025.xlsx
ICE,Oct,8610,FY25,2025-06-20,FY25_detentionStats06202025.xlsx
ICE,Nov,7580,FY25,2025-06-20,FY25_detentionStats06202025.xlsx
ICE,Dec,7881,FY25,2025-06-20,FY25_detentionStats06202025.xlsx
ICE,Jan,11754,FY25,2025-06-20,FY25_detentionStats06202025.xlsx
ICE,Feb,17379,FY25,2025-06-20,FY25_detentionStats06202025.xlsx
ICE,Mar,19127,FY25,2025-06-20,FY25_detentionStats06202025.xlsx
ICE,Apr,18216,FY25,2025-06-20,FY25_detentionStats06202025.xlsx
ICE,May,23662,FY25,2025-06-20,FY25_detentionStats06202025.xlsx
ICE,Jun,16605,FY25,2025-06-20,FY25_detentionStats06202025.xlsx
ICE,Jul,0,FY25,2025-06-20,FY25_detentionStats06202025.xlsx
ICE,Aug,0,FY25,2025-06-20,FY25_detentionStats06202025.xlsx
ICE,Sep,0,FY25,2025-06-20,FY25_detentionStats06202025.xlsx
CBP,Oct,15004,FY25,2025-07-31,FY25_detentionStats07312025.xlsx
CBP,Nov,13547,FY25,2025-07-31,FY25_detentionStats07312025.xlsx
CBP,Dec,14239,FY25,2025-07-31,FY25_detentionStats07312025.xlsx
CBP,Jan,10237,FY25,2025-07-31,FY25_detentionStats07312025.xlsx
CBP,Feb,4252,FY25,2025-07-31,FY25_detentionStats07312025.xlsx
CBP,Mar,3798,FY25,2025-07-31,FY25_detentionStats07312025.xlsx
CBP,Apr,4603,FY25,2025-07-31,FY25_detentionStats07312025.xlsx
CBP,May,5236,FY25,2025-07-31,FY25_detentionStats07312025.xlsx
CBP,Jun,5115,FY25,2025-07-31,FY25_detentionStats07312025.xlsx
CBP,Jul,3172,FY25,2025-07-31,FY25_detentionStats07312025.xlsx
CBP,Aug,0,FY25,2025-07-31,FY25_detentionStats07312025.xlsx
CBP,Sep,0,FY25,2025-07-31,FY25_detentionStats07312025.xlsx
ICE,Oct,8609,FY25,2025-07-31,FY25_detentionStats07312025.xlsx
ICE,Nov,7580,FY25,2025-07-31,FY25_detentionStats07312025.xlsx
ICE,Dec,7881,FY25,2025-07-31,FY25_detentionStats07312025.xlsx
ICE,Jan,11753,FY25,2025-07-31,FY25_detentionStats07312025.xlsx
ICE,Feb,17379,FY25,2025-07-31,FY25_detentionStats07312025.xlsx
ICE,Mar,19123,FY25,2025-07-31,FY25_detentionStats07312025.xlsx
ICE,Apr,18215,FY25,2025-07-31,FY25_detentionStats07312025.xlsx
ICE,May,23649,FY25,2025-07-31,FY25_detentionStats07312025.xlsx
ICE,Jun,31607,FY25,2025-07-31,FY25_detentionStats07312025.xlsx
ICE,Jul,22575,FY25,2025-07-31,FY25_detentionStats07312025.xlsx
ICE,Aug,0,FY25,2025-07-31,FY25_detentionStats07312025.xlsx
ICE,Sep,0,FY25,2025-07-31,FY25_detentionStats07312025.xlsx
CBP,Oct,15004,FY25,2025-08-29,FY25_detentionStats08292025.xlsx
CBP,Nov,13543,FY25,2025-08-29,FY25_detentionStats08292025.xlsx
CBP,Dec,14238,FY25,2025-08-29,FY25_detentionStats08292025.xlsx
CBP,Jan,10237,FY25,2025-08-29,FY25_detentionStats08292025.xlsx
CBP,Feb,4251,FY25,2025-08-29,FY25_detentionStats08292025.xlsx
CBP,Mar,3798,FY25,2025-08-29,FY25_detentionStats08292025.xlsx
CBP,Apr,4603,FY25,2025-08-29,FY25_detentionStats08292025.xlsx
CBP,May,5236,FY25,2025-08-29,FY25_detentionStats08292025.xlsx
CBP,Jun,5112,FY25,2025-08-29,FY25_detentionStats08292025.xlsx
CBP,Jul,3798,FY25,2025-08-29,FY25_detentionStats08292025.xlsx
CBP,Aug,2932,FY25,2025-08-29,FY25_detentionStats08292025.xlsx
CBP,Sep,0,FY25,2025-08-29,FY25_detentionStats08292025.xlsx
ICE,Oct,8609,FY25,2025-08-29,FY25_detentionStats08292025.xlsx
ICE,Nov,7580,FY25,2025-08-29,FY25_detentionStats08292025.xlsx
ICE,Dec,7882,FY25,2025-08-29,FY25_detentionStats08292025.xlsx
ICE,Jan,11753,FY25,2025-08-29,FY25_detentionStats08292025.xlsx
ICE,Feb,17380,FY25,2025-08-29,FY25_detentionStats08292025.xlsx
ICE,Mar,19123,FY25,2025-08-29,FY25_detentionStats08292025.xlsx
ICE,Apr,18216,FY25,2025-08-29,FY25_detentionStats08292025.xlsx
ICE,May,23646,FY25,2025-08-29,FY25_detentionStats08292025.xlsx
ICE,Jun,31597,FY25,2025-08-29,FY25_detentionStats08292025.xlsx
ICE,Jul,27475,FY25,2025-08-29,FY25_detentionStats08292025.xlsx
ICE,Aug,21329,FY25,2025-08-29,FY25_detentionStats08292025.xlsx
ICE,Sep,0,FY25,2025-08-29,FY25_detentionStats08292025.xlsx
CBP,Oct,15004,FY25,2025-09-25,FY25_detentionStats09252025.xlsx
CBP,Nov,13543,FY25,2025-09-25,FY25_detentionStats09252025.xlsx
CBP,Dec,14238,FY25,2025-09-25,FY25_detentionStats09252025.xlsx
CBP,Jan,10237,FY25,2025-09-25,FY25_detentionStats09252025.xlsx
CBP,Feb,4252,FY25,2025-09-25,FY25_detentionStats09252025.xlsx
CBP,Mar,3798,FY25,2025-09-25,FY25_detentionStats09252025.xlsx
CBP,Apr,4602,FY25,2025-09-25,FY25_detentionStats09252025.xlsx
CBP,May,5238,FY25,2025-09-25,FY25_detentionStats09252025.xlsx
CBP,Jun,5114,FY25,2025-09-25,FY25_detentionStats09252025.xlsx
CBP,Jul,3805,FY25,2025-09-25,FY25_detentionStats09252025.xlsx
CBP,Aug,4056,FY25,2025-09-25,FY25_detentionStats09252025.xlsx
CBP,Sep,3462,FY25,2025-09-25,FY25_detentionStats09252025.xlsx
ICE,Oct,8609,FY25,2025-09-25,FY25_detentionStats09252025.xlsx
ICE,Nov,7580,FY25,2025-09-25,FY25_detentionStats09252025.xlsx
ICE,Dec,7884,FY25,2025-09-25,FY25_detentionStats09252025.xlsx
ICE,Jan,11753,FY25,2025-09-25,FY25_detentionStats09252025.xlsx
ICE,Feb,17378,FY25,2025-09-25,FY25_detentionStats09252025.xlsx
ICE,Mar,19123,FY25,2025-09-25,FY25_detentionStats09252025.xlsx
ICE,Apr,18215,FY25,2025-09-25,FY25_detentionStats09252025.xlsx
ICE,May,23642,FY25,2025-09-25,FY25_detentionStats09252025.xlsx
ICE,Jun,31590,FY25,2025-09-25,FY25_detentionStats09252025.xlsx
ICE,Jul,27457,FY25,2025-09-25,FY25_detentionStats09252025.xlsx
ICE,Aug,28308,FY25,2025-09-25,FY25_detentionStats09252025.xlsx
ICE,Sep,21293,FY25,2025-09-25,FY25_detentionStats09252025.xlsx
